{
  "timestamp": "2025-12-01T11:59:13.966144",
  "performance": {
    "response_time": {
      "total": {
        "mean": 2.2538801574707032,
        "median": 2.0780608654022217,
        "std_dev": 1.0228785043502853,
        "min": 1.5807321071624756,
        "max": 6.9374518394470215
      },
      "rag": {
        "mean": 0.332244873046875,
        "median": 0.4701662063598633,
        "std_dev": 0.19288387575412427
      },
      "raw_times": [
        6.9374518394470215,
        1.8480885028839111,
        2.1637439727783203,
        2.0019426345825195,
        2.0601463317871094,
        2.081688165664673,
        2.062830924987793,
        1.8433427810668945,
        2.0780608654022217,
        2.1253440380096436,
        2.2347633838653564,
        1.999903917312622,
        2.218444585800171,
        2.216984510421753,
        1.9907820224761963,
        1.58347749710083,
        1.5807321071624756,
        1.5948596000671387,
        1.6084883213043213,
        1.6136598587036133,
        2.3912672996520996,
        2.534249782562256,
        2.5222036838531494,
        2.528170108795166,
        2.5263772010803223
      ]
    },
    "throughput": {
      "queries_per_minute": 20.0,
      "total_queries": 100,
      "duration_minutes": 5
    }
  },
  "rag_quality": {
    "precision": {
      "mean": 0.8,
      "std_dev": 0.0,
      "values": [
        0.8,
        0.8,
        0.8
      ]
    },
    "recall": {
      "mean": 0.4,
      "std_dev": 0.0,
      "values": [
        0.4,
        0.4,
        0.4
      ]
    },
    "mrr": {
      "mean": 1.0,
      "values": [
        1.0,
        1.0,
        1.0
      ]
    }
  },
  "memory_accuracy": {
    "overall_accuracy": 80.0,
    "correct": 4,
    "total": 5,
    "by_type": {
      "name": 100.0,
      "location": 0.0,
      "age": 100.0,
      "phone": 100.0,
      "email": 100.0
    }
  },
  "document_quality": {
    "completion_rate": {
      "mean": 100.0,
      "std_dev": 0,
      "values": [
        100.0
      ]
    },
    "success_rate": 100.0
  },
  "response_times": [
    6.9374518394470215,
    1.8480885028839111,
    2.1637439727783203,
    2.0019426345825195,
    2.0601463317871094,
    2.081688165664673,
    2.062830924987793,
    1.8433427810668945,
    2.0780608654022217,
    2.1253440380096436,
    2.2347633838653564,
    1.999903917312622,
    2.218444585800171,
    2.216984510421753,
    1.9907820224761963,
    1.58347749710083,
    1.5807321071624756,
    1.5948596000671387,
    1.6084883213043213,
    1.6136598587036133,
    2.3912672996520996,
    2.534249782562256,
    2.5222036838531494,
    2.528170108795166,
    2.5263772010803223
  ]
}